id,username,cc_encrypted
1,atuvey0,e1a4f985f7607bbaeb5013bebac5ee13b5d89875
2,bfrancke1,e1a4f985f7607bbaeb5013bebac5ee13b5d89875
3,dduffy2,e1a4f985f7607bbaeb5013bebac5ee13b5d89875
4,zsaker3,e1a4f985f7607bbaeb5013bebac5ee13b5d89875
5,jargue4,e1a4f985f7607bbaeb5013bebac5ee13b5d89875
6,jcreeghan5,e1a4f985f7607bbaeb5013bebac5ee13b5d89875
7,mrapley6,e1a4f985f7607bbaeb5013bebac5ee13b5d89875
8,agant7,e1a4f985f7607bbaeb5013bebac5ee13b5d89875
9,bgummow8,e1a4f985f7607bbaeb5013bebac5ee13b5d89875
10,nhaughin9,e1a4f985f7607bbaeb5013bebac5ee13b5d89875
11,sjurczika,e1a4f985f7607bbaeb5013bebac5ee13b5d89875
12,knuschab,e1a4f985f7607bbaeb5013bebac5ee13b5d89875
13,rantonc,e1a4f985f7607bbaeb5013bebac5ee13b5d89875
14,jtodd,e1a4f985f7607bbaeb5013bebac5ee13b5d89875
15,dswinneye,e1a4f985f7607bbaeb5013bebac5ee13b5d89875
16,ufernanf,e1a4f985f7607bbaeb5013bebac5ee13b5d89875
17,ajoshamg,e1a4f985f7607bbaeb5013bebac5ee13b5d89875
18,cstiddardh,e1a4f985f7607bbaeb5013bebac5ee13b5d89875
19,mblizardi,e1a4f985f7607bbaeb5013bebac5ee13b5d89875
20,gabsolonj,e1a4f985f7607bbaeb5013bebac5ee13b5d89875
21,myurasovk,e1a4f985f7607bbaeb5013bebac5ee13b5d89875
22,cdaviol,e1a4f985f7607bbaeb5013bebac5ee13b5d89875
23,bmcanellyem,e1a4f985f7607bbaeb5013bebac5ee13b5d89875
24,mguyonnetn,e1a4f985f7607bbaeb5013bebac5ee13b5d89875
25,mpacko,e1a4f985f7607bbaeb5013bebac5ee13b5d89875
26,iandryuninp,e1a4f985f7607bbaeb5013bebac5ee13b5d89875
27,tsperingq,e1a4f985f7607bbaeb5013bebac5ee13b5d89875
28,rgascoyenr,e1a4f985f7607bbaeb5013bebac5ee13b5d89875
29,lbaseys,e1a4f985f7607bbaeb5013bebac5ee13b5d89875
30,rmapledoramt,e1a4f985f7607bbaeb5013bebac5ee13b5d89875
31,kbaumu,e1a4f985f7607bbaeb5013bebac5ee13b5d89875
32,jmcphailv,e1a4f985f7607bbaeb5013bebac5ee13b5d89875
33,rmacvainw,e1a4f985f7607bbaeb5013bebac5ee13b5d89875
34,bdailex,e1a4f985f7607bbaeb5013bebac5ee13b5d89875
35,bdegreyy,e1a4f985f7607bbaeb5013bebac5ee13b5d89875
36,phindenburgz,e1a4f985f7607bbaeb5013bebac5ee13b5d89875
37,ptugwell10,e1a4f985f7607bbaeb5013bebac5ee13b5d89875
38,djeduch11,e1a4f985f7607bbaeb5013bebac5ee13b5d89875
39,pdimblebee12,e1a4f985f7607bbaeb5013bebac5ee13b5d89875
40,cbowker13,e1a4f985f7607bbaeb5013bebac5ee13b5d89875
41,cvarvara14,e1a4f985f7607bbaeb5013bebac5ee13b5d89875
42,mpicopp15,e1a4f985f7607bbaeb5013bebac5ee13b5d89875
43,npetran16,e1a4f985f7607bbaeb5013bebac5ee13b5d89875
44,dmiddleditch17,e1a4f985f7607bbaeb5013bebac5ee13b5d89875
45,nattrey18,e1a4f985f7607bbaeb5013bebac5ee13b5d89875
46,wmagwood19,e1a4f985f7607bbaeb5013bebac5ee13b5d89875
47,sprimak1a,e1a4f985f7607bbaeb5013bebac5ee13b5d89875
48,cstowgill1b,e1a4f985f7607bbaeb5013bebac5ee13b5d89875
49,lalessandone1c,e1a4f985f7607bbaeb5013bebac5ee13b5d89875
50,mkelland1d,e1a4f985f7607bbaeb5013bebac5ee13b5d89875
51,vskains1e,e1a4f985f7607bbaeb5013bebac5ee13b5d89875
52,imcgillreich1f,e1a4f985f7607bbaeb5013bebac5ee13b5d89875
53,rjanaszkiewicz1g,e1a4f985f7607bbaeb5013bebac5ee13b5d89875
54,gcrone1h,e1a4f985f7607bbaeb5013bebac5ee13b5d89875
55,amold1i,e1a4f985f7607bbaeb5013bebac5ee13b5d89875
56,prisman1j,e1a4f985f7607bbaeb5013bebac5ee13b5d89875
57,emaso1k,e1a4f985f7607bbaeb5013bebac5ee13b5d89875
58,edanielsen1l,e1a4f985f7607bbaeb5013bebac5ee13b5d89875
59,gdacres1m,e1a4f985f7607bbaeb5013bebac5ee13b5d89875
60,jcohani1n,e1a4f985f7607bbaeb5013bebac5ee13b5d89875
61,fheatherington1o,e1a4f985f7607bbaeb5013bebac5ee13b5d89875
62,tpetruk1p,e1a4f985f7607bbaeb5013bebac5ee13b5d89875
63,jvalett1q,e1a4f985f7607bbaeb5013bebac5ee13b5d89875
64,vsher1r,e1a4f985f7607bbaeb5013bebac5ee13b5d89875
65,fvenediktov1s,e1a4f985f7607bbaeb5013bebac5ee13b5d89875
66,dstedmond1t,e1a4f985f7607bbaeb5013bebac5ee13b5d89875
67,dmcquode1u,e1a4f985f7607bbaeb5013bebac5ee13b5d89875
68,iclutten1v,e1a4f985f7607bbaeb5013bebac5ee13b5d89875
69,mdavidsohn1w,e1a4f985f7607bbaeb5013bebac5ee13b5d89875
70,aohannigan1x,e1a4f985f7607bbaeb5013bebac5ee13b5d89875
71,gtitmarsh1y,e1a4f985f7607bbaeb5013bebac5ee13b5d89875
72,ycamilleri1z,e1a4f985f7607bbaeb5013bebac5ee13b5d89875
73,athornewell20,e1a4f985f7607bbaeb5013bebac5ee13b5d89875
74,swhitticks21,e1a4f985f7607bbaeb5013bebac5ee13b5d89875
75,csavile22,e1a4f985f7607bbaeb5013bebac5ee13b5d89875
76,kbeastall23,e1a4f985f7607bbaeb5013bebac5ee13b5d89875
77,tmabe24,e1a4f985f7607bbaeb5013bebac5ee13b5d89875
78,kdann25,e1a4f985f7607bbaeb5013bebac5ee13b5d89875
79,dmayou26,e1a4f985f7607bbaeb5013bebac5ee13b5d89875
80,hcrow27,e1a4f985f7607bbaeb5013bebac5ee13b5d89875
81,jdegue28,e1a4f985f7607bbaeb5013bebac5ee13b5d89875
82,oprantl29,e1a4f985f7607bbaeb5013bebac5ee13b5d89875
83,vspearett2a,e1a4f985f7607bbaeb5013bebac5ee13b5d89875
84,khurle2b,e1a4f985f7607bbaeb5013bebac5ee13b5d89875
85,ajancik2c,e1a4f985f7607bbaeb5013bebac5ee13b5d89875
86,dmarflitt2d,e1a4f985f7607bbaeb5013bebac5ee13b5d89875
87,bmacmenamin2e,e1a4f985f7607bbaeb5013bebac5ee13b5d89875
88,jbruhnsen2f,e1a4f985f7607bbaeb5013bebac5ee13b5d89875
89,mcawsey2g,e1a4f985f7607bbaeb5013bebac5ee13b5d89875
90,pmccallam2h,e1a4f985f7607bbaeb5013bebac5ee13b5d89875
91,ccancott2i,e1a4f985f7607bbaeb5013bebac5ee13b5d89875
92,mmarking2j,e1a4f985f7607bbaeb5013bebac5ee13b5d89875
93,adimanche2k,e1a4f985f7607bbaeb5013bebac5ee13b5d89875
94,mmccrillis2l,e1a4f985f7607bbaeb5013bebac5ee13b5d89875
95,dchooter2m,e1a4f985f7607bbaeb5013bebac5ee13b5d89875
96,sjarman2n,e1a4f985f7607bbaeb5013bebac5ee13b5d89875
97,dproughten2o,e1a4f985f7607bbaeb5013bebac5ee13b5d89875
98,mbeckmann2p,e1a4f985f7607bbaeb5013bebac5ee13b5d89875
99,draunds2q,e1a4f985f7607bbaeb5013bebac5ee13b5d89875
100,ebrettoner2r,e1a4f985f7607bbaeb5013bebac5ee13b5d89875
101,sfritschel2s,e1a4f985f7607bbaeb5013bebac5ee13b5d89875
102,ohallam2t,e1a4f985f7607bbaeb5013bebac5ee13b5d89875
103,dshave2u,e1a4f985f7607bbaeb5013bebac5ee13b5d89875
104,tdecourcy2v,e1a4f985f7607bbaeb5013bebac5ee13b5d89875
105,mwinckle2w,e1a4f985f7607bbaeb5013bebac5ee13b5d89875
106,lclamp2x,e1a4f985f7607bbaeb5013bebac5ee13b5d89875
107,apercy2y,e1a4f985f7607bbaeb5013bebac5ee13b5d89875
108,yblackden2z,e1a4f985f7607bbaeb5013bebac5ee13b5d89875
109,aslixby30,e1a4f985f7607bbaeb5013bebac5ee13b5d89875
110,dteodorski31,e1a4f985f7607bbaeb5013bebac5ee13b5d89875
111,fmaruszewski32,e1a4f985f7607bbaeb5013bebac5ee13b5d89875
112,cvaskin33,e1a4f985f7607bbaeb5013bebac5ee13b5d89875
113,amannie34,e1a4f985f7607bbaeb5013bebac5ee13b5d89875
114,abrookwell35,e1a4f985f7607bbaeb5013bebac5ee13b5d89875
115,lworshall36,e1a4f985f7607bbaeb5013bebac5ee13b5d89875
116,wkubicki37,e1a4f985f7607bbaeb5013bebac5ee13b5d89875
117,clyvon38,e1a4f985f7607bbaeb5013bebac5ee13b5d89875
118,pdumbare39,e1a4f985f7607bbaeb5013bebac5ee13b5d89875
119,ktoten3a,e1a4f985f7607bbaeb5013bebac5ee13b5d89875
120,ainnwood3b,e1a4f985f7607bbaeb5013bebac5ee13b5d89875
121,aboner3c,e1a4f985f7607bbaeb5013bebac5ee13b5d89875
122,rblaxter3d,e1a4f985f7607bbaeb5013bebac5ee13b5d89875
123,igheerhaert3e,e1a4f985f7607bbaeb5013bebac5ee13b5d89875
124,ybruntjen3f,e1a4f985f7607bbaeb5013bebac5ee13b5d89875
125,mwyborn3g,e1a4f985f7607bbaeb5013bebac5ee13b5d89875
126,ldacosta3h,e1a4f985f7607bbaeb5013bebac5ee13b5d89875
127,kjudson3i,e1a4f985f7607bbaeb5013bebac5ee13b5d89875
128,aroller3j,e1a4f985f7607bbaeb5013bebac5ee13b5d89875
129,babsalom3k,e1a4f985f7607bbaeb5013bebac5ee13b5d89875
130,mlahiff3l,e1a4f985f7607bbaeb5013bebac5ee13b5d89875
131,hastill3m,e1a4f985f7607bbaeb5013bebac5ee13b5d89875
132,kedgcumbe3n,e1a4f985f7607bbaeb5013bebac5ee13b5d89875
133,mfontes3o,e1a4f985f7607bbaeb5013bebac5ee13b5d89875
134,ldennert3p,e1a4f985f7607bbaeb5013bebac5ee13b5d89875
135,ahamby3q,e1a4f985f7607bbaeb5013bebac5ee13b5d89875
136,cantham3r,e1a4f985f7607bbaeb5013bebac5ee13b5d89875
137,dmckellen3s,e1a4f985f7607bbaeb5013bebac5ee13b5d89875
138,erowswell3t,e1a4f985f7607bbaeb5013bebac5ee13b5d89875
139,myerill3u,e1a4f985f7607bbaeb5013bebac5ee13b5d89875
140,qanney3v,e1a4f985f7607bbaeb5013bebac5ee13b5d89875
141,kneedham3w,e1a4f985f7607bbaeb5013bebac5ee13b5d89875
142,sodonohoe3x,e1a4f985f7607bbaeb5013bebac5ee13b5d89875
143,imolan3y,e1a4f985f7607bbaeb5013bebac5ee13b5d89875
144,tdenyukhin3z,e1a4f985f7607bbaeb5013bebac5ee13b5d89875
145,lricks40,e1a4f985f7607bbaeb5013bebac5ee13b5d89875
146,alinsey41,e1a4f985f7607bbaeb5013bebac5ee13b5d89875
147,rhoulworth42,e1a4f985f7607bbaeb5013bebac5ee13b5d89875
148,gbaldam43,e1a4f985f7607bbaeb5013bebac5ee13b5d89875
149,ldurrad44,e1a4f985f7607bbaeb5013bebac5ee13b5d89875
150,lslowgrove45,e1a4f985f7607bbaeb5013bebac5ee13b5d89875
151,lscoggins46,e1a4f985f7607bbaeb5013bebac5ee13b5d89875
152,ebygreaves47,e1a4f985f7607bbaeb5013bebac5ee13b5d89875
153,mpaynter48,e1a4f985f7607bbaeb5013bebac5ee13b5d89875
154,xpierucci49,e1a4f985f7607bbaeb5013bebac5ee13b5d89875
155,ygoldup4a,e1a4f985f7607bbaeb5013bebac5ee13b5d89875
156,tdives4b,e1a4f985f7607bbaeb5013bebac5ee13b5d89875
157,rpavlovsky4c,e1a4f985f7607bbaeb5013bebac5ee13b5d89875
158,lmcgerr4d,e1a4f985f7607bbaeb5013bebac5ee13b5d89875
159,bbenet4e,e1a4f985f7607bbaeb5013bebac5ee13b5d89875
160,mbigby4f,e1a4f985f7607bbaeb5013bebac5ee13b5d89875
161,chatterslay4g,e1a4f985f7607bbaeb5013bebac5ee13b5d89875
162,dthrelkeld4h,e1a4f985f7607bbaeb5013bebac5ee13b5d89875
163,kspeedy4i,e1a4f985f7607bbaeb5013bebac5ee13b5d89875
164,ebrezlaw4j,e1a4f985f7607bbaeb5013bebac5ee13b5d89875
165,spiaggia4k,e1a4f985f7607bbaeb5013bebac5ee13b5d89875
166,hhalpeine4l,e1a4f985f7607bbaeb5013bebac5ee13b5d89875
167,wstorkes4m,e1a4f985f7607bbaeb5013bebac5ee13b5d89875
168,fmaccaull4n,e1a4f985f7607bbaeb5013bebac5ee13b5d89875
169,tholton4o,e1a4f985f7607bbaeb5013bebac5ee13b5d89875
170,aweber4p,e1a4f985f7607bbaeb5013bebac5ee13b5d89875
171,sbourner4q,e1a4f985f7607bbaeb5013bebac5ee13b5d89875
172,mbellin4r,e1a4f985f7607bbaeb5013bebac5ee13b5d89875
173,ihannam4s,e1a4f985f7607bbaeb5013bebac5ee13b5d89875
174,cwarmisham4t,e1a4f985f7607bbaeb5013bebac5ee13b5d89875
175,tduff4u,e1a4f985f7607bbaeb5013bebac5ee13b5d89875
176,dlewsam4v,e1a4f985f7607bbaeb5013bebac5ee13b5d89875
177,tpixton4w,e1a4f985f7607bbaeb5013bebac5ee13b5d89875
178,wjerrim4x,e1a4f985f7607bbaeb5013bebac5ee13b5d89875
179,lmargarson4y,e1a4f985f7607bbaeb5013bebac5ee13b5d89875
180,lhenrot4z,e1a4f985f7607bbaeb5013bebac5ee13b5d89875
181,atorrecilla50,e1a4f985f7607bbaeb5013bebac5ee13b5d89875
182,sklaesson51,e1a4f985f7607bbaeb5013bebac5ee13b5d89875
183,rmuxworthy52,e1a4f985f7607bbaeb5013bebac5ee13b5d89875
184,kwinterburn53,e1a4f985f7607bbaeb5013bebac5ee13b5d89875
185,brimington54,e1a4f985f7607bbaeb5013bebac5ee13b5d89875
186,dscolts55,e1a4f985f7607bbaeb5013bebac5ee13b5d89875
187,jchantillon56,e1a4f985f7607bbaeb5013bebac5ee13b5d89875
188,gziebart57,e1a4f985f7607bbaeb5013bebac5ee13b5d89875
189,tpettifer58,e1a4f985f7607bbaeb5013bebac5ee13b5d89875
190,hnoades59,e1a4f985f7607bbaeb5013bebac5ee13b5d89875
191,rmccarl5a,e1a4f985f7607bbaeb5013bebac5ee13b5d89875
192,amaciocia5b,e1a4f985f7607bbaeb5013bebac5ee13b5d89875
193,asultana5c,e1a4f985f7607bbaeb5013bebac5ee13b5d89875
194,lwallentin5d,e1a4f985f7607bbaeb5013bebac5ee13b5d89875
195,gmclane5e,e1a4f985f7607bbaeb5013bebac5ee13b5d89875
196,crugg5f,e1a4f985f7607bbaeb5013bebac5ee13b5d89875
197,ibrockway5g,e1a4f985f7607bbaeb5013bebac5ee13b5d89875
198,koteague5h,e1a4f985f7607bbaeb5013bebac5ee13b5d89875
199,anoell5i,e1a4f985f7607bbaeb5013bebac5ee13b5d89875
200,athom5j,e1a4f985f7607bbaeb5013bebac5ee13b5d89875
201,ddudderidge5k,e1a4f985f7607bbaeb5013bebac5ee13b5d89875
202,sborrows5l,e1a4f985f7607bbaeb5013bebac5ee13b5d89875
203,ahague5m,e1a4f985f7607bbaeb5013bebac5ee13b5d89875
204,dfishpool5n,e1a4f985f7607bbaeb5013bebac5ee13b5d89875
205,sberrey5o,e1a4f985f7607bbaeb5013bebac5ee13b5d89875
206,ddranfield5p,e1a4f985f7607bbaeb5013bebac5ee13b5d89875
207,knapier5q,e1a4f985f7607bbaeb5013bebac5ee13b5d89875
208,emckerley5r,e1a4f985f7607bbaeb5013bebac5ee13b5d89875
209,beagers5s,e1a4f985f7607bbaeb5013bebac5ee13b5d89875
210,awyard5t,e1a4f985f7607bbaeb5013bebac5ee13b5d89875
211,ppowdrell5u,e1a4f985f7607bbaeb5013bebac5ee13b5d89875
212,cturrill5v,e1a4f985f7607bbaeb5013bebac5ee13b5d89875
213,nheeney5w,e1a4f985f7607bbaeb5013bebac5ee13b5d89875
214,gbaynard5x,e1a4f985f7607bbaeb5013bebac5ee13b5d89875
215,rtease5y,e1a4f985f7607bbaeb5013bebac5ee13b5d89875
216,mwildbore5z,e1a4f985f7607bbaeb5013bebac5ee13b5d89875
217,lworster60,e1a4f985f7607bbaeb5013bebac5ee13b5d89875
218,jnelle61,e1a4f985f7607bbaeb5013bebac5ee13b5d89875
219,nbloore62,e1a4f985f7607bbaeb5013bebac5ee13b5d89875
220,ewaltering63,e1a4f985f7607bbaeb5013bebac5ee13b5d89875
221,swilliams64,e1a4f985f7607bbaeb5013bebac5ee13b5d89875
222,fhuggen65,e1a4f985f7607bbaeb5013bebac5ee13b5d89875
223,aknotte66,e1a4f985f7607bbaeb5013bebac5ee13b5d89875
224,rminshall67,e1a4f985f7607bbaeb5013bebac5ee13b5d89875
225,oruggier68,e1a4f985f7607bbaeb5013bebac5ee13b5d89875
226,gbudik69,e1a4f985f7607bbaeb5013bebac5ee13b5d89875
227,aclowes6a,e1a4f985f7607bbaeb5013bebac5ee13b5d89875
228,cabbate6b,e1a4f985f7607bbaeb5013bebac5ee13b5d89875
229,sheatly6c,e1a4f985f7607bbaeb5013bebac5ee13b5d89875
230,jmyatt6d,e1a4f985f7607bbaeb5013bebac5ee13b5d89875
231,ssallier6e,e1a4f985f7607bbaeb5013bebac5ee13b5d89875
232,kedgerton6f,e1a4f985f7607bbaeb5013bebac5ee13b5d89875
233,cwinsborrow6g,e1a4f985f7607bbaeb5013bebac5ee13b5d89875
234,wmagarrell6h,e1a4f985f7607bbaeb5013bebac5ee13b5d89875
235,ldamarell6i,e1a4f985f7607bbaeb5013bebac5ee13b5d89875
236,rdomenico6j,e1a4f985f7607bbaeb5013bebac5ee13b5d89875
237,ggretton6k,e1a4f985f7607bbaeb5013bebac5ee13b5d89875
238,cskeemer6l,e1a4f985f7607bbaeb5013bebac5ee13b5d89875
239,ssapsforde6m,e1a4f985f7607bbaeb5013bebac5ee13b5d89875
240,dtuddenham6n,e1a4f985f7607bbaeb5013bebac5ee13b5d89875
241,kducham6o,e1a4f985f7607bbaeb5013bebac5ee13b5d89875
242,bsharpley6p,e1a4f985f7607bbaeb5013bebac5ee13b5d89875
243,rdeaton6q,e1a4f985f7607bbaeb5013bebac5ee13b5d89875
244,rgaylor6r,e1a4f985f7607bbaeb5013bebac5ee13b5d89875
245,boxnam6s,e1a4f985f7607bbaeb5013bebac5ee13b5d89875
246,lgotfrey6t,e1a4f985f7607bbaeb5013bebac5ee13b5d89875
247,dgommowe6u,e1a4f985f7607bbaeb5013bebac5ee13b5d89875
248,bdesouza6v,e1a4f985f7607bbaeb5013bebac5ee13b5d89875
249,rmctavy6w,e1a4f985f7607bbaeb5013bebac5ee13b5d89875
250,ccopin6x,e1a4f985f7607bbaeb5013bebac5ee13b5d89875
251,ihackin6y,e1a4f985f7607bbaeb5013bebac5ee13b5d89875
252,dardern6z,e1a4f985f7607bbaeb5013bebac5ee13b5d89875
253,jcoton70,e1a4f985f7607bbaeb5013bebac5ee13b5d89875
254,cshinner71,e1a4f985f7607bbaeb5013bebac5ee13b5d89875
255,fbourcq72,e1a4f985f7607bbaeb5013bebac5ee13b5d89875
256,crhule73,e1a4f985f7607bbaeb5013bebac5ee13b5d89875
257,agludor74,e1a4f985f7607bbaeb5013bebac5ee13b5d89875
258,jbreacher75,e1a4f985f7607bbaeb5013bebac5ee13b5d89875
259,haronovitz76,e1a4f985f7607bbaeb5013bebac5ee13b5d89875
260,rhake77,e1a4f985f7607bbaeb5013bebac5ee13b5d89875
261,jduplan78,e1a4f985f7607bbaeb5013bebac5ee13b5d89875
262,glassey79,e1a4f985f7607bbaeb5013bebac5ee13b5d89875
263,amannock7a,e1a4f985f7607bbaeb5013bebac5ee13b5d89875
264,mglazyer7b,e1a4f985f7607bbaeb5013bebac5ee13b5d89875
265,iconan7c,e1a4f985f7607bbaeb5013bebac5ee13b5d89875
266,mekless7d,e1a4f985f7607bbaeb5013bebac5ee13b5d89875
267,whayfield7e,e1a4f985f7607bbaeb5013bebac5ee13b5d89875
268,mguiducci7f,e1a4f985f7607bbaeb5013bebac5ee13b5d89875
269,lbennet7g,e1a4f985f7607bbaeb5013bebac5ee13b5d89875
270,uwarrington7h,e1a4f985f7607bbaeb5013bebac5ee13b5d89875
271,jsauniere7i,e1a4f985f7607bbaeb5013bebac5ee13b5d89875
272,dtappor7j,e1a4f985f7607bbaeb5013bebac5ee13b5d89875
273,jdaintrey7k,e1a4f985f7607bbaeb5013bebac5ee13b5d89875
274,lkyteley7l,e1a4f985f7607bbaeb5013bebac5ee13b5d89875
275,rpensom7m,e1a4f985f7607bbaeb5013bebac5ee13b5d89875
276,wbrewins7n,e1a4f985f7607bbaeb5013bebac5ee13b5d89875
277,lwestell7o,e1a4f985f7607bbaeb5013bebac5ee13b5d89875
278,ddrillot7p,e1a4f985f7607bbaeb5013bebac5ee13b5d89875
279,lspire7q,e1a4f985f7607bbaeb5013bebac5ee13b5d89875
280,ckleine7r,e1a4f985f7607bbaeb5013bebac5ee13b5d89875
281,aiggalden7s,e1a4f985f7607bbaeb5013bebac5ee13b5d89875
282,jcoulter7t,e1a4f985f7607bbaeb5013bebac5ee13b5d89875
283,ceisenberg7u,e1a4f985f7607bbaeb5013bebac5ee13b5d89875
284,gkerbler7v,e1a4f985f7607bbaeb5013bebac5ee13b5d89875
285,nscriver7w,e1a4f985f7607bbaeb5013bebac5ee13b5d89875
286,rboor7x,e1a4f985f7607bbaeb5013bebac5ee13b5d89875
287,tbulch7y,e1a4f985f7607bbaeb5013bebac5ee13b5d89875
288,gcaughte7z,e1a4f985f7607bbaeb5013bebac5ee13b5d89875
289,nfedder80,e1a4f985f7607bbaeb5013bebac5ee13b5d89875
290,vcrysell81,e1a4f985f7607bbaeb5013bebac5ee13b5d89875
291,scolman82,e1a4f985f7607bbaeb5013bebac5ee13b5d89875
292,rantognozzii83,e1a4f985f7607bbaeb5013bebac5ee13b5d89875
293,civankovic84,e1a4f985f7607bbaeb5013bebac5ee13b5d89875
294,abartlam85,e1a4f985f7607bbaeb5013bebac5ee13b5d89875
295,cjakeway86,e1a4f985f7607bbaeb5013bebac5ee13b5d89875
296,pgascard87,e1a4f985f7607bbaeb5013bebac5ee13b5d89875
297,ecelier88,e1a4f985f7607bbaeb5013bebac5ee13b5d89875
298,caisman89,e1a4f985f7607bbaeb5013bebac5ee13b5d89875
299,dsalling8a,e1a4f985f7607bbaeb5013bebac5ee13b5d89875
300,ctilbury8b,e1a4f985f7607bbaeb5013bebac5ee13b5d89875
301,nslack8c,e1a4f985f7607bbaeb5013bebac5ee13b5d89875
302,atetsall8d,e1a4f985f7607bbaeb5013bebac5ee13b5d89875
303,tpechet8e,e1a4f985f7607bbaeb5013bebac5ee13b5d89875
304,rledeker8f,e1a4f985f7607bbaeb5013bebac5ee13b5d89875
305,rmurrhaupt8g,e1a4f985f7607bbaeb5013bebac5ee13b5d89875
306,rquilliam8h,e1a4f985f7607bbaeb5013bebac5ee13b5d89875
307,hmarsters8i,e1a4f985f7607bbaeb5013bebac5ee13b5d89875
308,kgundrey8j,e1a4f985f7607bbaeb5013bebac5ee13b5d89875
309,cloiseau8k,e1a4f985f7607bbaeb5013bebac5ee13b5d89875
310,ijosling8l,e1a4f985f7607bbaeb5013bebac5ee13b5d89875
311,hrevie8m,e1a4f985f7607bbaeb5013bebac5ee13b5d89875
312,mbrayford8n,e1a4f985f7607bbaeb5013bebac5ee13b5d89875
313,tlutsch8o,e1a4f985f7607bbaeb5013bebac5ee13b5d89875
314,tdemcak8p,e1a4f985f7607bbaeb5013bebac5ee13b5d89875
315,bsnelson8q,e1a4f985f7607bbaeb5013bebac5ee13b5d89875
316,fmurby8r,e1a4f985f7607bbaeb5013bebac5ee13b5d89875
317,dwoollacott8s,e1a4f985f7607bbaeb5013bebac5ee13b5d89875
318,mcawdery8t,e1a4f985f7607bbaeb5013bebac5ee13b5d89875
319,edeighton8u,e1a4f985f7607bbaeb5013bebac5ee13b5d89875
320,mlesaunier8v,e1a4f985f7607bbaeb5013bebac5ee13b5d89875
321,bboutellier8w,e1a4f985f7607bbaeb5013bebac5ee13b5d89875
322,wgreenset8x,e1a4f985f7607bbaeb5013bebac5ee13b5d89875
323,irootham8y,e1a4f985f7607bbaeb5013bebac5ee13b5d89875
324,wmion8z,e1a4f985f7607bbaeb5013bebac5ee13b5d89875
325,mmaccoughen90,e1a4f985f7607bbaeb5013bebac5ee13b5d89875
326,hduding91,e1a4f985f7607bbaeb5013bebac5ee13b5d89875
327,flanchbury92,e1a4f985f7607bbaeb5013bebac5ee13b5d89875
328,vlomen93,e1a4f985f7607bbaeb5013bebac5ee13b5d89875
329,mkytter94,e1a4f985f7607bbaeb5013bebac5ee13b5d89875
330,cbeckles95,e1a4f985f7607bbaeb5013bebac5ee13b5d89875
331,mgorelli96,e1a4f985f7607bbaeb5013bebac5ee13b5d89875
332,jquadrio97,e1a4f985f7607bbaeb5013bebac5ee13b5d89875
333,bellcome98,e1a4f985f7607bbaeb5013bebac5ee13b5d89875
334,cruprecht99,e1a4f985f7607bbaeb5013bebac5ee13b5d89875
335,emockford9a,e1a4f985f7607bbaeb5013bebac5ee13b5d89875
336,tkeoghan9b,e1a4f985f7607bbaeb5013bebac5ee13b5d89875
337,rsanter9c,e1a4f985f7607bbaeb5013bebac5ee13b5d89875
338,ctrime9d,e1a4f985f7607bbaeb5013bebac5ee13b5d89875
339,gdsouza9e,e1a4f985f7607bbaeb5013bebac5ee13b5d89875
340,rroache9f,e1a4f985f7607bbaeb5013bebac5ee13b5d89875
341,aobey9g,e1a4f985f7607bbaeb5013bebac5ee13b5d89875
342,oalbrook9h,e1a4f985f7607bbaeb5013bebac5ee13b5d89875
343,mhambribe9i,e1a4f985f7607bbaeb5013bebac5ee13b5d89875
344,mprest9j,e1a4f985f7607bbaeb5013bebac5ee13b5d89875
345,kcunniff9k,e1a4f985f7607bbaeb5013bebac5ee13b5d89875
346,mbarense9l,e1a4f985f7607bbaeb5013bebac5ee13b5d89875
347,kmatthai9m,e1a4f985f7607bbaeb5013bebac5ee13b5d89875
348,kleirmonth9n,e1a4f985f7607bbaeb5013bebac5ee13b5d89875
349,jlittle9o,e1a4f985f7607bbaeb5013bebac5ee13b5d89875
350,dkryzhov9p,e1a4f985f7607bbaeb5013bebac5ee13b5d89875
351,dtawton9q,e1a4f985f7607bbaeb5013bebac5ee13b5d89875
352,flowrie9r,e1a4f985f7607bbaeb5013bebac5ee13b5d89875
353,shillum9s,e1a4f985f7607bbaeb5013bebac5ee13b5d89875
354,breardon9t,e1a4f985f7607bbaeb5013bebac5ee13b5d89875
355,hstockings9u,e1a4f985f7607bbaeb5013bebac5ee13b5d89875
356,gblyth9v,e1a4f985f7607bbaeb5013bebac5ee13b5d89875
357,hhargess9w,e1a4f985f7607bbaeb5013bebac5ee13b5d89875
358,gkoppen9x,e1a4f985f7607bbaeb5013bebac5ee13b5d89875
359,mearly9y,e1a4f985f7607bbaeb5013bebac5ee13b5d89875
360,gbraundt9z,e1a4f985f7607bbaeb5013bebac5ee13b5d89875
361,jjiraseka0,e1a4f985f7607bbaeb5013bebac5ee13b5d89875
362,lnorresa1,e1a4f985f7607bbaeb5013bebac5ee13b5d89875
363,cramelota2,e1a4f985f7607bbaeb5013bebac5ee13b5d89875
364,rmcmichella3,e1a4f985f7607bbaeb5013bebac5ee13b5d89875
365,mpadillaa4,e1a4f985f7607bbaeb5013bebac5ee13b5d89875
366,rmiltonwhitea5,e1a4f985f7607bbaeb5013bebac5ee13b5d89875
367,msynkea6,e1a4f985f7607bbaeb5013bebac5ee13b5d89875
368,gsalmonsa7,e1a4f985f7607bbaeb5013bebac5ee13b5d89875
369,mhurcha8,e1a4f985f7607bbaeb5013bebac5ee13b5d89875
370,mlunta9,e1a4f985f7607bbaeb5013bebac5ee13b5d89875
371,jdantesiaaa,e1a4f985f7607bbaeb5013bebac5ee13b5d89875
372,lverneyab,e1a4f985f7607bbaeb5013bebac5ee13b5d89875
373,whovelac,e1a4f985f7607bbaeb5013bebac5ee13b5d89875
374,yscotsonad,e1a4f985f7607bbaeb5013bebac5ee13b5d89875
375,svakhrushinae,e1a4f985f7607bbaeb5013bebac5ee13b5d89875
376,fshervilleaf,e1a4f985f7607bbaeb5013bebac5ee13b5d89875
377,vpeardeag,e1a4f985f7607bbaeb5013bebac5ee13b5d89875
378,adecullipah,e1a4f985f7607bbaeb5013bebac5ee13b5d89875
379,funittai,e1a4f985f7607bbaeb5013bebac5ee13b5d89875
380,joconoraj,e1a4f985f7607bbaeb5013bebac5ee13b5d89875
381,ileightonak,e1a4f985f7607bbaeb5013bebac5ee13b5d89875
382,arabbageal,e1a4f985f7607bbaeb5013bebac5ee13b5d89875
383,warpinoam,e1a4f985f7607bbaeb5013bebac5ee13b5d89875
384,dszwarcan,e1a4f985f7607bbaeb5013bebac5ee13b5d89875
385,agrouvelao,e1a4f985f7607bbaeb5013bebac5ee13b5d89875
386,kpeakeap,e1a4f985f7607bbaeb5013bebac5ee13b5d89875
387,hgeldartaq,e1a4f985f7607bbaeb5013bebac5ee13b5d89875
388,dburnappar,e1a4f985f7607bbaeb5013bebac5ee13b5d89875
389,adagleasas,e1a4f985f7607bbaeb5013bebac5ee13b5d89875
390,bgammelat,e1a4f985f7607bbaeb5013bebac5ee13b5d89875
391,kkingabyau,e1a4f985f7607bbaeb5013bebac5ee13b5d89875
392,messebyav,e1a4f985f7607bbaeb5013bebac5ee13b5d89875
393,kgulleyaw,e1a4f985f7607bbaeb5013bebac5ee13b5d89875
394,lcaddenax,e1a4f985f7607bbaeb5013bebac5ee13b5d89875
395,ddelleay,e1a4f985f7607bbaeb5013bebac5ee13b5d89875
396,rhaythaz,e1a4f985f7607bbaeb5013bebac5ee13b5d89875
397,ebillhamb0,e1a4f985f7607bbaeb5013bebac5ee13b5d89875
398,santonb1,e1a4f985f7607bbaeb5013bebac5ee13b5d89875
399,fmapsb2,e1a4f985f7607bbaeb5013bebac5ee13b5d89875
400,wcoardb3,e1a4f985f7607bbaeb5013bebac5ee13b5d89875
401,bsparrowhawkb4,e1a4f985f7607bbaeb5013bebac5ee13b5d89875
402,ozavittierib5,e1a4f985f7607bbaeb5013bebac5ee13b5d89875
403,kwraggsb6,e1a4f985f7607bbaeb5013bebac5ee13b5d89875
404,bfollandb7,e1a4f985f7607bbaeb5013bebac5ee13b5d89875
405,jchesnutb8,e1a4f985f7607bbaeb5013bebac5ee13b5d89875
406,abernardinellib9,e1a4f985f7607bbaeb5013bebac5ee13b5d89875
407,yhannisba,e1a4f985f7607bbaeb5013bebac5ee13b5d89875
408,jyeardleybb,e1a4f985f7607bbaeb5013bebac5ee13b5d89875
409,zbearblockbc,e1a4f985f7607bbaeb5013bebac5ee13b5d89875
410,mgapperbd,e1a4f985f7607bbaeb5013bebac5ee13b5d89875
411,oweldonbe,e1a4f985f7607bbaeb5013bebac5ee13b5d89875
412,gchauveybf,e1a4f985f7607bbaeb5013bebac5ee13b5d89875
413,mchreebg,e1a4f985f7607bbaeb5013bebac5ee13b5d89875
414,radrianobh,e1a4f985f7607bbaeb5013bebac5ee13b5d89875
415,tnattebi,e1a4f985f7607bbaeb5013bebac5ee13b5d89875
416,cbilsfordbj,e1a4f985f7607bbaeb5013bebac5ee13b5d89875
417,gbewsybk,e1a4f985f7607bbaeb5013bebac5ee13b5d89875
418,sarnaldbl,e1a4f985f7607bbaeb5013bebac5ee13b5d89875
419,ldequesnebm,e1a4f985f7607bbaeb5013bebac5ee13b5d89875
420,bthunderbn,e1a4f985f7607bbaeb5013bebac5ee13b5d89875
421,esalernobo,e1a4f985f7607bbaeb5013bebac5ee13b5d89875
422,cclairbp,e1a4f985f7607bbaeb5013bebac5ee13b5d89875
423,jhebbornebq,e1a4f985f7607bbaeb5013bebac5ee13b5d89875
424,jcouttsbr,e1a4f985f7607bbaeb5013bebac5ee13b5d89875
425,klengletbs,e1a4f985f7607bbaeb5013bebac5ee13b5d89875
426,cperesbt,e1a4f985f7607bbaeb5013bebac5ee13b5d89875
427,bmarkwelleybu,e1a4f985f7607bbaeb5013bebac5ee13b5d89875
428,dmcnaughtonbv,e1a4f985f7607bbaeb5013bebac5ee13b5d89875
429,mjedrysbw,e1a4f985f7607bbaeb5013bebac5ee13b5d89875
430,cduffanbx,e1a4f985f7607bbaeb5013bebac5ee13b5d89875
431,spauligby,e1a4f985f7607bbaeb5013bebac5ee13b5d89875
432,aciccarellibz,e1a4f985f7607bbaeb5013bebac5ee13b5d89875
433,aalfordc0,e1a4f985f7607bbaeb5013bebac5ee13b5d89875
434,gwapolc1,e1a4f985f7607bbaeb5013bebac5ee13b5d89875
435,rslatterc2,e1a4f985f7607bbaeb5013bebac5ee13b5d89875
436,iiorilloc3,e1a4f985f7607bbaeb5013bebac5ee13b5d89875
437,hvelac4,e1a4f985f7607bbaeb5013bebac5ee13b5d89875
438,anestlec5,e1a4f985f7607bbaeb5013bebac5ee13b5d89875
439,npaddockc6,e1a4f985f7607bbaeb5013bebac5ee13b5d89875
440,dgridonc7,e1a4f985f7607bbaeb5013bebac5ee13b5d89875
441,thubberc8,e1a4f985f7607bbaeb5013bebac5ee13b5d89875
442,wleybornec9,e1a4f985f7607bbaeb5013bebac5ee13b5d89875
443,eradinca,e1a4f985f7607bbaeb5013bebac5ee13b5d89875
444,amcgaugancb,e1a4f985f7607bbaeb5013bebac5ee13b5d89875
445,ehawksworthcc,e1a4f985f7607bbaeb5013bebac5ee13b5d89875
446,wbolstridgecd,e1a4f985f7607bbaeb5013bebac5ee13b5d89875
447,lgerrietzce,e1a4f985f7607bbaeb5013bebac5ee13b5d89875
448,eswaitecf,e1a4f985f7607bbaeb5013bebac5ee13b5d89875
449,nmalamcg,e1a4f985f7607bbaeb5013bebac5ee13b5d89875
450,cmeasomch,e1a4f985f7607bbaeb5013bebac5ee13b5d89875
451,fginglesci,e1a4f985f7607bbaeb5013bebac5ee13b5d89875
452,slowndesbroughcj,e1a4f985f7607bbaeb5013bebac5ee13b5d89875
453,dmacgaughyck,e1a4f985f7607bbaeb5013bebac5ee13b5d89875
454,haskhamcl,e1a4f985f7607bbaeb5013bebac5ee13b5d89875
455,kmohammedcm,e1a4f985f7607bbaeb5013bebac5ee13b5d89875
456,ttailourcn,e1a4f985f7607bbaeb5013bebac5ee13b5d89875
457,jmcreathco,e1a4f985f7607bbaeb5013bebac5ee13b5d89875
458,fmcelweecp,e1a4f985f7607bbaeb5013bebac5ee13b5d89875
459,gquadricq,e1a4f985f7607bbaeb5013bebac5ee13b5d89875
460,mlinscottcr,e1a4f985f7607bbaeb5013bebac5ee13b5d89875
461,akennerknechtcs,e1a4f985f7607bbaeb5013bebac5ee13b5d89875
462,csoggeect,e1a4f985f7607bbaeb5013bebac5ee13b5d89875
463,gwinescu,e1a4f985f7607bbaeb5013bebac5ee13b5d89875
464,mportwainecv,e1a4f985f7607bbaeb5013bebac5ee13b5d89875
465,zhaggardcw,e1a4f985f7607bbaeb5013bebac5ee13b5d89875
466,bbakewellcx,e1a4f985f7607bbaeb5013bebac5ee13b5d89875
467,kweymontcy,e1a4f985f7607bbaeb5013bebac5ee13b5d89875
468,cgowercz,e1a4f985f7607bbaeb5013bebac5ee13b5d89875
469,lmacound0,e1a4f985f7607bbaeb5013bebac5ee13b5d89875
470,oblunsumd1,e1a4f985f7607bbaeb5013bebac5ee13b5d89875
471,dkahand2,e1a4f985f7607bbaeb5013bebac5ee13b5d89875
472,akikd3,e1a4f985f7607bbaeb5013bebac5ee13b5d89875
473,tmatschossd4,e1a4f985f7607bbaeb5013bebac5ee13b5d89875
474,dcohrsd5,e1a4f985f7607bbaeb5013bebac5ee13b5d89875
475,pmaddisond6,e1a4f985f7607bbaeb5013bebac5ee13b5d89875
476,mvaughand7,e1a4f985f7607bbaeb5013bebac5ee13b5d89875
477,smarcombed8,e1a4f985f7607bbaeb5013bebac5ee13b5d89875
478,phedditehd9,e1a4f985f7607bbaeb5013bebac5ee13b5d89875
479,gidillda,e1a4f985f7607bbaeb5013bebac5ee13b5d89875
480,ubodhamdb,e1a4f985f7607bbaeb5013bebac5ee13b5d89875
481,ppomroydc,e1a4f985f7607bbaeb5013bebac5ee13b5d89875
482,rmajordd,e1a4f985f7607bbaeb5013bebac5ee13b5d89875
483,afranklynde,e1a4f985f7607bbaeb5013bebac5ee13b5d89875
484,wmollattdf,e1a4f985f7607bbaeb5013bebac5ee13b5d89875
485,dheindledg,e1a4f985f7607bbaeb5013bebac5ee13b5d89875
486,emayoudh,e1a4f985f7607bbaeb5013bebac5ee13b5d89875
487,tmcgenndi,e1a4f985f7607bbaeb5013bebac5ee13b5d89875
488,csillimandj,e1a4f985f7607bbaeb5013bebac5ee13b5d89875
489,jwestleydk,e1a4f985f7607bbaeb5013bebac5ee13b5d89875
490,mjewittdl,e1a4f985f7607bbaeb5013bebac5ee13b5d89875
491,lsandysdm,e1a4f985f7607bbaeb5013bebac5ee13b5d89875
492,ybarleydn,e1a4f985f7607bbaeb5013bebac5ee13b5d89875
493,jwhimpdo,e1a4f985f7607bbaeb5013bebac5ee13b5d89875
494,voverlanddp,e1a4f985f7607bbaeb5013bebac5ee13b5d89875
495,ldillingerdq,e1a4f985f7607bbaeb5013bebac5ee13b5d89875
496,sschreursdr,e1a4f985f7607bbaeb5013bebac5ee13b5d89875
497,hmorterds,e1a4f985f7607bbaeb5013bebac5ee13b5d89875
498,rheinertdt,e1a4f985f7607bbaeb5013bebac5ee13b5d89875
499,gverekerdu,e1a4f985f7607bbaeb5013bebac5ee13b5d89875
500,dpettengelldv,e1a4f985f7607bbaeb5013bebac5ee13b5d89875
501,ngoundrilldw,e1a4f985f7607bbaeb5013bebac5ee13b5d89875
502,jbartoszewiczdx,e1a4f985f7607bbaeb5013bebac5ee13b5d89875
503,cmacconnaldy,e1a4f985f7607bbaeb5013bebac5ee13b5d89875
504,ploftindz,e1a4f985f7607bbaeb5013bebac5ee13b5d89875
505,gtellenbroke0,e1a4f985f7607bbaeb5013bebac5ee13b5d89875
506,adegoye1,e1a4f985f7607bbaeb5013bebac5ee13b5d89875
507,mglassarde2,e1a4f985f7607bbaeb5013bebac5ee13b5d89875
508,cthurstancee3,e1a4f985f7607bbaeb5013bebac5ee13b5d89875
509,kpetrulise4,e1a4f985f7607bbaeb5013bebac5ee13b5d89875
510,vmcdermide5,e1a4f985f7607bbaeb5013bebac5ee13b5d89875
511,sshelveye6,e1a4f985f7607bbaeb5013bebac5ee13b5d89875
512,adelgatye7,e1a4f985f7607bbaeb5013bebac5ee13b5d89875
513,estruttone8,e1a4f985f7607bbaeb5013bebac5ee13b5d89875
514,askaymane9,e1a4f985f7607bbaeb5013bebac5ee13b5d89875
515,ffiguresea,e1a4f985f7607bbaeb5013bebac5ee13b5d89875
516,ieverlyeb,e1a4f985f7607bbaeb5013bebac5ee13b5d89875
517,veasdonec,e1a4f985f7607bbaeb5013bebac5ee13b5d89875
518,astranieroed,e1a4f985f7607bbaeb5013bebac5ee13b5d89875
519,kcashamee,e1a4f985f7607bbaeb5013bebac5ee13b5d89875
520,apatricksonef,e1a4f985f7607bbaeb5013bebac5ee13b5d89875
521,fmangereg,e1a4f985f7607bbaeb5013bebac5ee13b5d89875
522,zmolleneh,e1a4f985f7607bbaeb5013bebac5ee13b5d89875
523,lwesthoferei,e1a4f985f7607bbaeb5013bebac5ee13b5d89875
524,mmcavaddyej,e1a4f985f7607bbaeb5013bebac5ee13b5d89875
525,rtrevethanek,e1a4f985f7607bbaeb5013bebac5ee13b5d89875
526,tmcmeanmael,e1a4f985f7607bbaeb5013bebac5ee13b5d89875
527,ihansieem,e1a4f985f7607bbaeb5013bebac5ee13b5d89875
528,ckeoghanen,e1a4f985f7607bbaeb5013bebac5ee13b5d89875
529,glehrianeo,e1a4f985f7607bbaeb5013bebac5ee13b5d89875
530,daldrinep,e1a4f985f7607bbaeb5013bebac5ee13b5d89875
531,akelsoneq,e1a4f985f7607bbaeb5013bebac5ee13b5d89875
532,phamerer,e1a4f985f7607bbaeb5013bebac5ee13b5d89875
533,rdedantesiees,e1a4f985f7607bbaeb5013bebac5ee13b5d89875
534,tcogganet,e1a4f985f7607bbaeb5013bebac5ee13b5d89875
535,mfrankiseu,e1a4f985f7607bbaeb5013bebac5ee13b5d89875
536,lounsworthev,e1a4f985f7607bbaeb5013bebac5ee13b5d89875
537,qgalbraethew,e1a4f985f7607bbaeb5013bebac5ee13b5d89875
538,freeceex,e1a4f985f7607bbaeb5013bebac5ee13b5d89875
539,kstreaterey,e1a4f985f7607bbaeb5013bebac5ee13b5d89875
540,mwagonez,e1a4f985f7607bbaeb5013bebac5ee13b5d89875
541,bsaxonf0,e1a4f985f7607bbaeb5013bebac5ee13b5d89875
542,rmundyf1,e1a4f985f7607bbaeb5013bebac5ee13b5d89875
543,hkellf2,e1a4f985f7607bbaeb5013bebac5ee13b5d89875
544,ahuetf3,e1a4f985f7607bbaeb5013bebac5ee13b5d89875
545,jrobertellif4,e1a4f985f7607bbaeb5013bebac5ee13b5d89875
546,gdriffieldf5,e1a4f985f7607bbaeb5013bebac5ee13b5d89875
547,crivalantf6,e1a4f985f7607bbaeb5013bebac5ee13b5d89875
548,sfrudef7,e1a4f985f7607bbaeb5013bebac5ee13b5d89875
549,rgudgerf8,e1a4f985f7607bbaeb5013bebac5ee13b5d89875
550,khendrickf9,e1a4f985f7607bbaeb5013bebac5ee13b5d89875
551,cmorrillfa,e1a4f985f7607bbaeb5013bebac5ee13b5d89875
552,mwarbyfb,e1a4f985f7607bbaeb5013bebac5ee13b5d89875
553,chosbyfc,e1a4f985f7607bbaeb5013bebac5ee13b5d89875
554,asackeyfd,e1a4f985f7607bbaeb5013bebac5ee13b5d89875
555,dduryfe,e1a4f985f7607bbaeb5013bebac5ee13b5d89875
556,tseyffertff,e1a4f985f7607bbaeb5013bebac5ee13b5d89875
557,ggosnoldfg,e1a4f985f7607bbaeb5013bebac5ee13b5d89875
558,ebelliardfh,e1a4f985f7607bbaeb5013bebac5ee13b5d89875
559,nwinchesterfi,e1a4f985f7607bbaeb5013bebac5ee13b5d89875
560,mdreakinfj,e1a4f985f7607bbaeb5013bebac5ee13b5d89875
561,aedmondsonfk,e1a4f985f7607bbaeb5013bebac5ee13b5d89875
562,gwendenfl,e1a4f985f7607bbaeb5013bebac5ee13b5d89875
563,jpriestmanfm,e1a4f985f7607bbaeb5013bebac5ee13b5d89875
564,gfrischfn,e1a4f985f7607bbaeb5013bebac5ee13b5d89875
565,hlunofo,e1a4f985f7607bbaeb5013bebac5ee13b5d89875
566,cgarawayfp,e1a4f985f7607bbaeb5013bebac5ee13b5d89875
567,dbohlensfq,e1a4f985f7607bbaeb5013bebac5ee13b5d89875
568,bcohalanfr,e1a4f985f7607bbaeb5013bebac5ee13b5d89875
569,cvardiefs,e1a4f985f7607bbaeb5013bebac5ee13b5d89875
570,gmatejicft,e1a4f985f7607bbaeb5013bebac5ee13b5d89875
571,rphillippsfu,e1a4f985f7607bbaeb5013bebac5ee13b5d89875
572,mmewsfv,e1a4f985f7607bbaeb5013bebac5ee13b5d89875
573,elotwichfw,e1a4f985f7607bbaeb5013bebac5ee13b5d89875
574,ayearbyfx,e1a4f985f7607bbaeb5013bebac5ee13b5d89875
575,jspeendenfy,e1a4f985f7607bbaeb5013bebac5ee13b5d89875
576,fspilemanfz,e1a4f985f7607bbaeb5013bebac5ee13b5d89875
577,amargaritellig0,e1a4f985f7607bbaeb5013bebac5ee13b5d89875
578,smariag1,e1a4f985f7607bbaeb5013bebac5ee13b5d89875
579,emcclaughling2,e1a4f985f7607bbaeb5013bebac5ee13b5d89875
580,llamzedg3,e1a4f985f7607bbaeb5013bebac5ee13b5d89875
581,bmendusg4,e1a4f985f7607bbaeb5013bebac5ee13b5d89875
582,cminichig5,e1a4f985f7607bbaeb5013bebac5ee13b5d89875
583,fgilletg6,e1a4f985f7607bbaeb5013bebac5ee13b5d89875
584,ahayesg7,e1a4f985f7607bbaeb5013bebac5ee13b5d89875
585,acopellog8,e1a4f985f7607bbaeb5013bebac5ee13b5d89875
586,ibooijg9,e1a4f985f7607bbaeb5013bebac5ee13b5d89875
587,cdoomanga,e1a4f985f7607bbaeb5013bebac5ee13b5d89875
588,rgruszkagb,e1a4f985f7607bbaeb5013bebac5ee13b5d89875
589,czutegc,e1a4f985f7607bbaeb5013bebac5ee13b5d89875
590,cmidsongd,e1a4f985f7607bbaeb5013bebac5ee13b5d89875
591,gwinterbothamge,e1a4f985f7607bbaeb5013bebac5ee13b5d89875
592,melcombgf,e1a4f985f7607bbaeb5013bebac5ee13b5d89875
593,wcayleygg,e1a4f985f7607bbaeb5013bebac5ee13b5d89875
594,vvostgh,e1a4f985f7607bbaeb5013bebac5ee13b5d89875
595,ehexamgi,e1a4f985f7607bbaeb5013bebac5ee13b5d89875
596,ralgygj,e1a4f985f7607bbaeb5013bebac5ee13b5d89875
597,vlaidlergk,e1a4f985f7607bbaeb5013bebac5ee13b5d89875
598,jduncangl,e1a4f985f7607bbaeb5013bebac5ee13b5d89875
599,cbagnalgm,e1a4f985f7607bbaeb5013bebac5ee13b5d89875
600,wkupecgn,e1a4f985f7607bbaeb5013bebac5ee13b5d89875
601,pekellgo,e1a4f985f7607bbaeb5013bebac5ee13b5d89875
602,odefrainegp,e1a4f985f7607bbaeb5013bebac5ee13b5d89875
603,gdrigq,e1a4f985f7607bbaeb5013bebac5ee13b5d89875
604,lburressgr,e1a4f985f7607bbaeb5013bebac5ee13b5d89875
605,cgrangegs,e1a4f985f7607bbaeb5013bebac5ee13b5d89875
606,ebarcagt,e1a4f985f7607bbaeb5013bebac5ee13b5d89875
607,pbrittlegu,e1a4f985f7607bbaeb5013bebac5ee13b5d89875
608,mdevergv,e1a4f985f7607bbaeb5013bebac5ee13b5d89875
609,mcotsfordgw,e1a4f985f7607bbaeb5013bebac5ee13b5d89875
610,tviveashgx,e1a4f985f7607bbaeb5013bebac5ee13b5d89875
611,arosthorngy,e1a4f985f7607bbaeb5013bebac5ee13b5d89875
612,oheadingtongz,e1a4f985f7607bbaeb5013bebac5ee13b5d89875
613,lgilleberth0,e1a4f985f7607bbaeb5013bebac5ee13b5d89875
614,mtouhigh1,e1a4f985f7607bbaeb5013bebac5ee13b5d89875
615,eboundyh2,e1a4f985f7607bbaeb5013bebac5ee13b5d89875
616,ysurmeyersh3,e1a4f985f7607bbaeb5013bebac5ee13b5d89875
617,frobillardh4,e1a4f985f7607bbaeb5013bebac5ee13b5d89875
618,mcashleyh5,e1a4f985f7607bbaeb5013bebac5ee13b5d89875
619,hkohnh6,e1a4f985f7607bbaeb5013bebac5ee13b5d89875
620,dcahalinh7,e1a4f985f7607bbaeb5013bebac5ee13b5d89875
621,jfarndellh8,e1a4f985f7607bbaeb5013bebac5ee13b5d89875
622,njollyh9,e1a4f985f7607bbaeb5013bebac5ee13b5d89875
623,adorsayha,e1a4f985f7607bbaeb5013bebac5ee13b5d89875
624,ldrainhb,e1a4f985f7607bbaeb5013bebac5ee13b5d89875
625,hliliehc,e1a4f985f7607bbaeb5013bebac5ee13b5d89875
626,thuggardhd,e1a4f985f7607bbaeb5013bebac5ee13b5d89875
627,fworvillhe,e1a4f985f7607bbaeb5013bebac5ee13b5d89875
628,aslimmhf,e1a4f985f7607bbaeb5013bebac5ee13b5d89875
629,bburkitthg,e1a4f985f7607bbaeb5013bebac5ee13b5d89875
630,lcobbinhh,e1a4f985f7607bbaeb5013bebac5ee13b5d89875
631,mhaimehi,e1a4f985f7607bbaeb5013bebac5ee13b5d89875
632,rmcgeaneyhj,e1a4f985f7607bbaeb5013bebac5ee13b5d89875
633,bjowetthk,e1a4f985f7607bbaeb5013bebac5ee13b5d89875
634,apassbyhl,e1a4f985f7607bbaeb5013bebac5ee13b5d89875
635,hpottellhm,e1a4f985f7607bbaeb5013bebac5ee13b5d89875
636,pbisethn,e1a4f985f7607bbaeb5013bebac5ee13b5d89875
637,kmoralho,e1a4f985f7607bbaeb5013bebac5ee13b5d89875
638,cepsleyhp,e1a4f985f7607bbaeb5013bebac5ee13b5d89875
639,cbuesnelhq,e1a4f985f7607bbaeb5013bebac5ee13b5d89875
640,ssomertonhr,e1a4f985f7607bbaeb5013bebac5ee13b5d89875
641,amchalehs,e1a4f985f7607bbaeb5013bebac5ee13b5d89875
642,kwillinghamht,e1a4f985f7607bbaeb5013bebac5ee13b5d89875
643,dcritzenhu,e1a4f985f7607bbaeb5013bebac5ee13b5d89875
644,eebbinghv,e1a4f985f7607bbaeb5013bebac5ee13b5d89875
645,iuttridgehw,e1a4f985f7607bbaeb5013bebac5ee13b5d89875
646,amountfordhx,e1a4f985f7607bbaeb5013bebac5ee13b5d89875
647,cdavsleyhy,e1a4f985f7607bbaeb5013bebac5ee13b5d89875
648,corromhz,e1a4f985f7607bbaeb5013bebac5ee13b5d89875
649,ayankovi0,e1a4f985f7607bbaeb5013bebac5ee13b5d89875
650,rferrettinoi1,e1a4f985f7607bbaeb5013bebac5ee13b5d89875
651,gwrettumi2,e1a4f985f7607bbaeb5013bebac5ee13b5d89875
652,dcradicki3,e1a4f985f7607bbaeb5013bebac5ee13b5d89875
653,rcarswelli4,e1a4f985f7607bbaeb5013bebac5ee13b5d89875
654,agrubbei5,e1a4f985f7607bbaeb5013bebac5ee13b5d89875
655,mbutterwicki6,e1a4f985f7607bbaeb5013bebac5ee13b5d89875
656,jdeelyi7,e1a4f985f7607bbaeb5013bebac5ee13b5d89875
657,csandryi8,e1a4f985f7607bbaeb5013bebac5ee13b5d89875
658,edunsmuiri9,e1a4f985f7607bbaeb5013bebac5ee13b5d89875
659,hprodrickia,e1a4f985f7607bbaeb5013bebac5ee13b5d89875
660,litscowiczib,e1a4f985f7607bbaeb5013bebac5ee13b5d89875
661,upursgloveic,e1a4f985f7607bbaeb5013bebac5ee13b5d89875
662,ggarlicid,e1a4f985f7607bbaeb5013bebac5ee13b5d89875
663,dunsworthie,e1a4f985f7607bbaeb5013bebac5ee13b5d89875
664,achipperfieldif,e1a4f985f7607bbaeb5013bebac5ee13b5d89875
665,rlongeaig,e1a4f985f7607bbaeb5013bebac5ee13b5d89875
666,emottonih,e1a4f985f7607bbaeb5013bebac5ee13b5d89875
667,vmaidensii,e1a4f985f7607bbaeb5013bebac5ee13b5d89875
668,tmarshlandij,e1a4f985f7607bbaeb5013bebac5ee13b5d89875
669,eruddlesdenik,e1a4f985f7607bbaeb5013bebac5ee13b5d89875
670,cdearnleyil,e1a4f985f7607bbaeb5013bebac5ee13b5d89875
671,lferoim,e1a4f985f7607bbaeb5013bebac5ee13b5d89875
672,bgillanin,e1a4f985f7607bbaeb5013bebac5ee13b5d89875
673,astannionio,e1a4f985f7607bbaeb5013bebac5ee13b5d89875
674,ravramchikip,e1a4f985f7607bbaeb5013bebac5ee13b5d89875
675,fblaszczynskiiq,e1a4f985f7607bbaeb5013bebac5ee13b5d89875
676,rstowir,e1a4f985f7607bbaeb5013bebac5ee13b5d89875
677,rlongworthis,e1a4f985f7607bbaeb5013bebac5ee13b5d89875
678,casbreyit,e1a4f985f7607bbaeb5013bebac5ee13b5d89875
679,msonesiu,e1a4f985f7607bbaeb5013bebac5ee13b5d89875
680,tyvensiv,e1a4f985f7607bbaeb5013bebac5ee13b5d89875
681,mlongfordiw,e1a4f985f7607bbaeb5013bebac5ee13b5d89875
682,abrasseurix,e1a4f985f7607bbaeb5013bebac5ee13b5d89875
683,kjutsoniy,e1a4f985f7607bbaeb5013bebac5ee13b5d89875
684,atressleriz,e1a4f985f7607bbaeb5013bebac5ee13b5d89875
685,lorwellj0,e1a4f985f7607bbaeb5013bebac5ee13b5d89875
686,lredgrovej1,e1a4f985f7607bbaeb5013bebac5ee13b5d89875
687,bfordyj2,e1a4f985f7607bbaeb5013bebac5ee13b5d89875
688,alodoj3,e1a4f985f7607bbaeb5013bebac5ee13b5d89875
689,mpilipetsj4,e1a4f985f7607bbaeb5013bebac5ee13b5d89875
690,kbabinskij5,e1a4f985f7607bbaeb5013bebac5ee13b5d89875
691,ipeadj6,e1a4f985f7607bbaeb5013bebac5ee13b5d89875
692,abaumfordj7,e1a4f985f7607bbaeb5013bebac5ee13b5d89875
693,cwernherj8,e1a4f985f7607bbaeb5013bebac5ee13b5d89875
694,gtrenemanj9,e1a4f985f7607bbaeb5013bebac5ee13b5d89875
695,tstangoja,e1a4f985f7607bbaeb5013bebac5ee13b5d89875
696,jgerckensjb,e1a4f985f7607bbaeb5013bebac5ee13b5d89875
697,gwooffjc,e1a4f985f7607bbaeb5013bebac5ee13b5d89875
698,tsherebrookjd,e1a4f985f7607bbaeb5013bebac5ee13b5d89875
699,blillemanje,e1a4f985f7607bbaeb5013bebac5ee13b5d89875
700,pmclenahanjf,e1a4f985f7607bbaeb5013bebac5ee13b5d89875
701,rantyukhinjg,e1a4f985f7607bbaeb5013bebac5ee13b5d89875
702,tcellajh,e1a4f985f7607bbaeb5013bebac5ee13b5d89875
703,babernethyji,e1a4f985f7607bbaeb5013bebac5ee13b5d89875
704,econrartjj,e1a4f985f7607bbaeb5013bebac5ee13b5d89875
705,tramalhojk,e1a4f985f7607bbaeb5013bebac5ee13b5d89875
706,hpaolazzijl,e1a4f985f7607bbaeb5013bebac5ee13b5d89875
707,zlowthorpejm,e1a4f985f7607bbaeb5013bebac5ee13b5d89875
708,oseyersjn,e1a4f985f7607bbaeb5013bebac5ee13b5d89875
709,dbaserjo,e1a4f985f7607bbaeb5013bebac5ee13b5d89875
710,gannattjp,e1a4f985f7607bbaeb5013bebac5ee13b5d89875
711,idecourseyjq,e1a4f985f7607bbaeb5013bebac5ee13b5d89875
712,cspyerjr,e1a4f985f7607bbaeb5013bebac5ee13b5d89875
713,jeastcottjs,e1a4f985f7607bbaeb5013bebac5ee13b5d89875
714,fgreenstreetjt,e1a4f985f7607bbaeb5013bebac5ee13b5d89875
715,glinceju,e1a4f985f7607bbaeb5013bebac5ee13b5d89875
716,bferresjv,e1a4f985f7607bbaeb5013bebac5ee13b5d89875
717,thordelljw,e1a4f985f7607bbaeb5013bebac5ee13b5d89875
718,ahargeyjx,e1a4f985f7607bbaeb5013bebac5ee13b5d89875
719,ileaveyjy,e1a4f985f7607bbaeb5013bebac5ee13b5d89875
720,grameljz,e1a4f985f7607bbaeb5013bebac5ee13b5d89875
721,ushilletok0,e1a4f985f7607bbaeb5013bebac5ee13b5d89875
722,lcollopyk1,e1a4f985f7607bbaeb5013bebac5ee13b5d89875
723,ellelwelnk2,e1a4f985f7607bbaeb5013bebac5ee13b5d89875
724,jeslerk3,e1a4f985f7607bbaeb5013bebac5ee13b5d89875
725,afeckeyk4,e1a4f985f7607bbaeb5013bebac5ee13b5d89875
726,cgaydonk5,e1a4f985f7607bbaeb5013bebac5ee13b5d89875
727,kselwink6,e1a4f985f7607bbaeb5013bebac5ee13b5d89875
728,dwinscombk7,e1a4f985f7607bbaeb5013bebac5ee13b5d89875
729,mbruckmank8,e1a4f985f7607bbaeb5013bebac5ee13b5d89875
730,sracciok9,e1a4f985f7607bbaeb5013bebac5ee13b5d89875
731,lcapelka,e1a4f985f7607bbaeb5013bebac5ee13b5d89875
732,gbiasikb,e1a4f985f7607bbaeb5013bebac5ee13b5d89875
733,ewinspearekc,e1a4f985f7607bbaeb5013bebac5ee13b5d89875
734,kearneykd,e1a4f985f7607bbaeb5013bebac5ee13b5d89875
735,tcastagnerike,e1a4f985f7607bbaeb5013bebac5ee13b5d89875
736,tmuckartkf,e1a4f985f7607bbaeb5013bebac5ee13b5d89875
737,dsmullenkg,e1a4f985f7607bbaeb5013bebac5ee13b5d89875
738,cscramagekh,e1a4f985f7607bbaeb5013bebac5ee13b5d89875
739,ddukeki,e1a4f985f7607bbaeb5013bebac5ee13b5d89875
740,cwhorlowkj,e1a4f985f7607bbaeb5013bebac5ee13b5d89875
741,bsailkk,e1a4f985f7607bbaeb5013bebac5ee13b5d89875
742,tcullonkl,e1a4f985f7607bbaeb5013bebac5ee13b5d89875
743,ccamamillkm,e1a4f985f7607bbaeb5013bebac5ee13b5d89875
744,znevettkn,e1a4f985f7607bbaeb5013bebac5ee13b5d89875
745,cspaceyko,e1a4f985f7607bbaeb5013bebac5ee13b5d89875
746,mgodinkp,e1a4f985f7607bbaeb5013bebac5ee13b5d89875
747,epereirakq,e1a4f985f7607bbaeb5013bebac5ee13b5d89875
748,afarleighkr,e1a4f985f7607bbaeb5013bebac5ee13b5d89875
749,bpythonks,e1a4f985f7607bbaeb5013bebac5ee13b5d89875
750,dchisolmkt,e1a4f985f7607bbaeb5013bebac5ee13b5d89875
751,hdugueku,e1a4f985f7607bbaeb5013bebac5ee13b5d89875
752,twoontonkv,e1a4f985f7607bbaeb5013bebac5ee13b5d89875
753,nsumshonkw,e1a4f985f7607bbaeb5013bebac5ee13b5d89875
754,sdorneykx,e1a4f985f7607bbaeb5013bebac5ee13b5d89875
755,wpoyzerky,e1a4f985f7607bbaeb5013bebac5ee13b5d89875
756,sfahrenbachkz,e1a4f985f7607bbaeb5013bebac5ee13b5d89875
757,rkettell0,e1a4f985f7607bbaeb5013bebac5ee13b5d89875
758,tcowtherdl1,e1a4f985f7607bbaeb5013bebac5ee13b5d89875
759,jcanwelll2,e1a4f985f7607bbaeb5013bebac5ee13b5d89875
760,cgrasnerl3,e1a4f985f7607bbaeb5013bebac5ee13b5d89875
761,vbarheml4,e1a4f985f7607bbaeb5013bebac5ee13b5d89875
762,omaccorkelll5,e1a4f985f7607bbaeb5013bebac5ee13b5d89875
763,earthyl6,e1a4f985f7607bbaeb5013bebac5ee13b5d89875
764,lzuanellil7,e1a4f985f7607bbaeb5013bebac5ee13b5d89875
765,cjirul8,e1a4f985f7607bbaeb5013bebac5ee13b5d89875
766,jnijsl9,e1a4f985f7607bbaeb5013bebac5ee13b5d89875
767,hanfossola,e1a4f985f7607bbaeb5013bebac5ee13b5d89875
768,ystruijslb,e1a4f985f7607bbaeb5013bebac5ee13b5d89875
769,swixlc,e1a4f985f7607bbaeb5013bebac5ee13b5d89875
770,ypepineauxld,e1a4f985f7607bbaeb5013bebac5ee13b5d89875
771,scrollale,e1a4f985f7607bbaeb5013bebac5ee13b5d89875
772,jcaselicklf,e1a4f985f7607bbaeb5013bebac5ee13b5d89875
773,ffrisselllg,e1a4f985f7607bbaeb5013bebac5ee13b5d89875
774,hstricklandlh,e1a4f985f7607bbaeb5013bebac5ee13b5d89875
775,ekeartonli,e1a4f985f7607bbaeb5013bebac5ee13b5d89875
776,ecarncrosslj,e1a4f985f7607bbaeb5013bebac5ee13b5d89875
777,sleggislk,e1a4f985f7607bbaeb5013bebac5ee13b5d89875
778,kplumbleyll,e1a4f985f7607bbaeb5013bebac5ee13b5d89875
779,mmcanellyelm,e1a4f985f7607bbaeb5013bebac5ee13b5d89875
780,rspeeksln,e1a4f985f7607bbaeb5013bebac5ee13b5d89875
781,hhemmingwaylo,e1a4f985f7607bbaeb5013bebac5ee13b5d89875
782,hdrablelp,e1a4f985f7607bbaeb5013bebac5ee13b5d89875
783,rkeyhoelq,e1a4f985f7607bbaeb5013bebac5ee13b5d89875
784,rsharmanlr,e1a4f985f7607bbaeb5013bebac5ee13b5d89875
785,dantyukhinls,e1a4f985f7607bbaeb5013bebac5ee13b5d89875
786,vfoxenlt,e1a4f985f7607bbaeb5013bebac5ee13b5d89875
787,nblizardlu,e1a4f985f7607bbaeb5013bebac5ee13b5d89875
788,gbemlottlv,e1a4f985f7607bbaeb5013bebac5ee13b5d89875
789,ggogertylw,e1a4f985f7607bbaeb5013bebac5ee13b5d89875
790,nblacklylx,e1a4f985f7607bbaeb5013bebac5ee13b5d89875
791,gharringtonly,e1a4f985f7607bbaeb5013bebac5ee13b5d89875
792,scracelz,e1a4f985f7607bbaeb5013bebac5ee13b5d89875
793,lalbinm0,e1a4f985f7607bbaeb5013bebac5ee13b5d89875
794,ddominom1,e1a4f985f7607bbaeb5013bebac5ee13b5d89875
795,lsiemensm2,e1a4f985f7607bbaeb5013bebac5ee13b5d89875
796,fallwrightm3,e1a4f985f7607bbaeb5013bebac5ee13b5d89875
797,jmasurelm4,e1a4f985f7607bbaeb5013bebac5ee13b5d89875
798,estopforthm5,e1a4f985f7607bbaeb5013bebac5ee13b5d89875
799,jzannettim6,e1a4f985f7607bbaeb5013bebac5ee13b5d89875
800,closebiem7,e1a4f985f7607bbaeb5013bebac5ee13b5d89875
801,lgraeberm8,e1a4f985f7607bbaeb5013bebac5ee13b5d89875
802,cshadfourthm9,e1a4f985f7607bbaeb5013bebac5ee13b5d89875
803,dmoradma,e1a4f985f7607bbaeb5013bebac5ee13b5d89875
804,slimpennymb,e1a4f985f7607bbaeb5013bebac5ee13b5d89875
805,jgommmc,e1a4f985f7607bbaeb5013bebac5ee13b5d89875
806,falfwymd,e1a4f985f7607bbaeb5013bebac5ee13b5d89875
807,rblandenme,e1a4f985f7607bbaeb5013bebac5ee13b5d89875
808,csplavenmf,e1a4f985f7607bbaeb5013bebac5ee13b5d89875
809,fpeacockmg,e1a4f985f7607bbaeb5013bebac5ee13b5d89875
810,esmilliemh,e1a4f985f7607bbaeb5013bebac5ee13b5d89875
811,jbertwistlemi,e1a4f985f7607bbaeb5013bebac5ee13b5d89875
812,sdummettmj,e1a4f985f7607bbaeb5013bebac5ee13b5d89875
813,mburwellmk,e1a4f985f7607bbaeb5013bebac5ee13b5d89875
814,mbetkeml,e1a4f985f7607bbaeb5013bebac5ee13b5d89875
815,plaminmanmm,e1a4f985f7607bbaeb5013bebac5ee13b5d89875
816,kplymn,e1a4f985f7607bbaeb5013bebac5ee13b5d89875
817,ppowtermo,e1a4f985f7607bbaeb5013bebac5ee13b5d89875
818,jmcturkmp,e1a4f985f7607bbaeb5013bebac5ee13b5d89875
819,nellerbymq,e1a4f985f7607bbaeb5013bebac5ee13b5d89875
820,fscroggesmr,e1a4f985f7607bbaeb5013bebac5ee13b5d89875
821,aviscoms,e1a4f985f7607bbaeb5013bebac5ee13b5d89875
822,chellewellmt,e1a4f985f7607bbaeb5013bebac5ee13b5d89875
823,mcabbellmu,e1a4f985f7607bbaeb5013bebac5ee13b5d89875
824,vvalekmv,e1a4f985f7607bbaeb5013bebac5ee13b5d89875
825,aizkovicimw,e1a4f985f7607bbaeb5013bebac5ee13b5d89875
826,asharpermx,e1a4f985f7607bbaeb5013bebac5ee13b5d89875
827,ghastymy,e1a4f985f7607bbaeb5013bebac5ee13b5d89875
828,cwildinmz,e1a4f985f7607bbaeb5013bebac5ee13b5d89875
829,pdericutn0,e1a4f985f7607bbaeb5013bebac5ee13b5d89875
830,jwhimpern1,e1a4f985f7607bbaeb5013bebac5ee13b5d89875
831,rkorneevn2,e1a4f985f7607bbaeb5013bebac5ee13b5d89875
832,etynewelln3,e1a4f985f7607bbaeb5013bebac5ee13b5d89875
833,abrewisn4,e1a4f985f7607bbaeb5013bebac5ee13b5d89875
834,cleblancn5,e1a4f985f7607bbaeb5013bebac5ee13b5d89875
835,sespadan6,e1a4f985f7607bbaeb5013bebac5ee13b5d89875
836,gprickettn7,e1a4f985f7607bbaeb5013bebac5ee13b5d89875
837,aclemontn8,e1a4f985f7607bbaeb5013bebac5ee13b5d89875
838,agilchriestn9,e1a4f985f7607bbaeb5013bebac5ee13b5d89875
839,ntomaszna,e1a4f985f7607bbaeb5013bebac5ee13b5d89875
840,gdorrancenb,e1a4f985f7607bbaeb5013bebac5ee13b5d89875
841,rpatmannc,e1a4f985f7607bbaeb5013bebac5ee13b5d89875
842,vgrimend,e1a4f985f7607bbaeb5013bebac5ee13b5d89875
843,rrobinetne,e1a4f985f7607bbaeb5013bebac5ee13b5d89875
844,bsielynf,e1a4f985f7607bbaeb5013bebac5ee13b5d89875
845,dszwandtng,e1a4f985f7607bbaeb5013bebac5ee13b5d89875
846,tmclainenh,e1a4f985f7607bbaeb5013bebac5ee13b5d89875
847,nwellmanni,e1a4f985f7607bbaeb5013bebac5ee13b5d89875
848,mmarcamnj,e1a4f985f7607bbaeb5013bebac5ee13b5d89875
849,eloveardnk,e1a4f985f7607bbaeb5013bebac5ee13b5d89875
850,bpyernl,e1a4f985f7607bbaeb5013bebac5ee13b5d89875
851,mvicarynm,e1a4f985f7607bbaeb5013bebac5ee13b5d89875
852,tortasnn,e1a4f985f7607bbaeb5013bebac5ee13b5d89875
853,ecapelinno,e1a4f985f7607bbaeb5013bebac5ee13b5d89875
854,vskiptonnp,e1a4f985f7607bbaeb5013bebac5ee13b5d89875
855,dcharopennq,e1a4f985f7607bbaeb5013bebac5ee13b5d89875
856,apapenr,e1a4f985f7607bbaeb5013bebac5ee13b5d89875
857,hsleefordns,e1a4f985f7607bbaeb5013bebac5ee13b5d89875
858,cruddellnt,e1a4f985f7607bbaeb5013bebac5ee13b5d89875
859,pklezmskinu,e1a4f985f7607bbaeb5013bebac5ee13b5d89875
860,jcopestakenv,e1a4f985f7607bbaeb5013bebac5ee13b5d89875
861,ssilbertnw,e1a4f985f7607bbaeb5013bebac5ee13b5d89875
862,acastelluzzinx,e1a4f985f7607bbaeb5013bebac5ee13b5d89875
863,tlushny,e1a4f985f7607bbaeb5013bebac5ee13b5d89875
864,vdignannz,e1a4f985f7607bbaeb5013bebac5ee13b5d89875
865,bclaisseo0,e1a4f985f7607bbaeb5013bebac5ee13b5d89875
866,dsingyardo1,e1a4f985f7607bbaeb5013bebac5ee13b5d89875
867,pgliddeno2,e1a4f985f7607bbaeb5013bebac5ee13b5d89875
868,jakhursto3,e1a4f985f7607bbaeb5013bebac5ee13b5d89875
869,lrosenblumo4,e1a4f985f7607bbaeb5013bebac5ee13b5d89875
870,ncraigieo5,e1a4f985f7607bbaeb5013bebac5ee13b5d89875
871,rutteridgeo6,e1a4f985f7607bbaeb5013bebac5ee13b5d89875
872,ehaymeso7,e1a4f985f7607bbaeb5013bebac5ee13b5d89875
873,mherculesono8,e1a4f985f7607bbaeb5013bebac5ee13b5d89875
874,tpopleo9,e1a4f985f7607bbaeb5013bebac5ee13b5d89875
875,ejarayoa,e1a4f985f7607bbaeb5013bebac5ee13b5d89875
876,dhanmerob,e1a4f985f7607bbaeb5013bebac5ee13b5d89875
877,spavlasekoc,e1a4f985f7607bbaeb5013bebac5ee13b5d89875
878,lsmileyod,e1a4f985f7607bbaeb5013bebac5ee13b5d89875
879,mbrayoe,e1a4f985f7607bbaeb5013bebac5ee13b5d89875
880,jsellorsof,e1a4f985f7607bbaeb5013bebac5ee13b5d89875
881,alevineog,e1a4f985f7607bbaeb5013bebac5ee13b5d89875
882,bformanoh,e1a4f985f7607bbaeb5013bebac5ee13b5d89875
883,jmacfarlanoi,e1a4f985f7607bbaeb5013bebac5ee13b5d89875
884,agilliseoj,e1a4f985f7607bbaeb5013bebac5ee13b5d89875
885,bdanilevichok,e1a4f985f7607bbaeb5013bebac5ee13b5d89875
886,jlarsol,e1a4f985f7607bbaeb5013bebac5ee13b5d89875
887,lhayseyom,e1a4f985f7607bbaeb5013bebac5ee13b5d89875
888,cmoncktonon,e1a4f985f7607bbaeb5013bebac5ee13b5d89875
889,hdymidowiczoo,e1a4f985f7607bbaeb5013bebac5ee13b5d89875
890,jcornboroughop,e1a4f985f7607bbaeb5013bebac5ee13b5d89875
891,rstegglesoq,e1a4f985f7607bbaeb5013bebac5ee13b5d89875
892,sgorgenor,e1a4f985f7607bbaeb5013bebac5ee13b5d89875
893,sstuttmanos,e1a4f985f7607bbaeb5013bebac5ee13b5d89875
894,eohmot,e1a4f985f7607bbaeb5013bebac5ee13b5d89875
895,abrockelsbyou,e1a4f985f7607bbaeb5013bebac5ee13b5d89875
896,cfitzroyov,e1a4f985f7607bbaeb5013bebac5ee13b5d89875
897,dstansallow,e1a4f985f7607bbaeb5013bebac5ee13b5d89875
898,hpalisterox,e1a4f985f7607bbaeb5013bebac5ee13b5d89875
899,szimekoy,e1a4f985f7607bbaeb5013bebac5ee13b5d89875
900,nalastairoz,e1a4f985f7607bbaeb5013bebac5ee13b5d89875
901,mgoldwaterp0,e1a4f985f7607bbaeb5013bebac5ee13b5d89875
902,jbuntainp1,e1a4f985f7607bbaeb5013bebac5ee13b5d89875
903,tnovikp2,e1a4f985f7607bbaeb5013bebac5ee13b5d89875
904,jrootesp3,e1a4f985f7607bbaeb5013bebac5ee13b5d89875
905,awoolesp4,e1a4f985f7607bbaeb5013bebac5ee13b5d89875
906,jverissimop5,e1a4f985f7607bbaeb5013bebac5ee13b5d89875
907,dbalchp6,e1a4f985f7607bbaeb5013bebac5ee13b5d89875
908,cpeppettp7,e1a4f985f7607bbaeb5013bebac5ee13b5d89875
909,jbewfieldp8,e1a4f985f7607bbaeb5013bebac5ee13b5d89875
910,ckarelp9,e1a4f985f7607bbaeb5013bebac5ee13b5d89875
911,tnarrawaypa,e1a4f985f7607bbaeb5013bebac5ee13b5d89875
912,twoolnerpb,e1a4f985f7607bbaeb5013bebac5ee13b5d89875
913,ppringourpc,e1a4f985f7607bbaeb5013bebac5ee13b5d89875
914,lcarbrypd,e1a4f985f7607bbaeb5013bebac5ee13b5d89875
915,jkinmanpe,e1a4f985f7607bbaeb5013bebac5ee13b5d89875
916,obeddowpf,e1a4f985f7607bbaeb5013bebac5ee13b5d89875
917,hdultonpg,e1a4f985f7607bbaeb5013bebac5ee13b5d89875
918,npallyph,e1a4f985f7607bbaeb5013bebac5ee13b5d89875
919,nstockoepi,e1a4f985f7607bbaeb5013bebac5ee13b5d89875
920,cwhiteheadpj,e1a4f985f7607bbaeb5013bebac5ee13b5d89875
921,bjarrelpk,e1a4f985f7607bbaeb5013bebac5ee13b5d89875
922,cspearpl,e1a4f985f7607bbaeb5013bebac5ee13b5d89875
923,kmurrellspm,e1a4f985f7607bbaeb5013bebac5ee13b5d89875
924,ggradwellpn,e1a4f985f7607bbaeb5013bebac5ee13b5d89875
925,llampreypo,e1a4f985f7607bbaeb5013bebac5ee13b5d89875
926,pemberypp,e1a4f985f7607bbaeb5013bebac5ee13b5d89875
927,gkhosapq,e1a4f985f7607bbaeb5013bebac5ee13b5d89875
928,dtalbotpr,e1a4f985f7607bbaeb5013bebac5ee13b5d89875
929,sateggartps,e1a4f985f7607bbaeb5013bebac5ee13b5d89875
930,dderringtonpt,e1a4f985f7607bbaeb5013bebac5ee13b5d89875
931,tmacgeepu,e1a4f985f7607bbaeb5013bebac5ee13b5d89875
932,anannizzipv,e1a4f985f7607bbaeb5013bebac5ee13b5d89875
933,blenoirpw,e1a4f985f7607bbaeb5013bebac5ee13b5d89875
934,mmedlicottpx,e1a4f985f7607bbaeb5013bebac5ee13b5d89875
935,mrobbiepy,e1a4f985f7607bbaeb5013bebac5ee13b5d89875
936,fdunthornepz,e1a4f985f7607bbaeb5013bebac5ee13b5d89875
937,ashireffq0,e1a4f985f7607bbaeb5013bebac5ee13b5d89875
938,dsoalq1,e1a4f985f7607bbaeb5013bebac5ee13b5d89875
939,vfeenanq2,e1a4f985f7607bbaeb5013bebac5ee13b5d89875
940,csparhawkq3,e1a4f985f7607bbaeb5013bebac5ee13b5d89875
941,bzaniolettiq4,e1a4f985f7607bbaeb5013bebac5ee13b5d89875
942,ecracknellq5,e1a4f985f7607bbaeb5013bebac5ee13b5d89875
943,rcartmaelq6,e1a4f985f7607bbaeb5013bebac5ee13b5d89875
944,bblankauq7,e1a4f985f7607bbaeb5013bebac5ee13b5d89875
945,eohlsenq8,e1a4f985f7607bbaeb5013bebac5ee13b5d89875
946,lthewlesq9,e1a4f985f7607bbaeb5013bebac5ee13b5d89875
947,jlebrunqa,e1a4f985f7607bbaeb5013bebac5ee13b5d89875
948,lpinchbackqb,e1a4f985f7607bbaeb5013bebac5ee13b5d89875
949,rstaplesqc,e1a4f985f7607bbaeb5013bebac5ee13b5d89875
950,jinglesfieldqd,e1a4f985f7607bbaeb5013bebac5ee13b5d89875
951,ecornejoqe,e1a4f985f7607bbaeb5013bebac5ee13b5d89875
952,vanselmiqf,e1a4f985f7607bbaeb5013bebac5ee13b5d89875
953,afaraharqg,e1a4f985f7607bbaeb5013bebac5ee13b5d89875
954,spressmanqh,e1a4f985f7607bbaeb5013bebac5ee13b5d89875
955,ktuberfieldqi,e1a4f985f7607bbaeb5013bebac5ee13b5d89875
956,wbrindleqj,e1a4f985f7607bbaeb5013bebac5ee13b5d89875
957,featonqk,e1a4f985f7607bbaeb5013bebac5ee13b5d89875
958,nmakiverql,e1a4f985f7607bbaeb5013bebac5ee13b5d89875
959,vwoodfineqm,e1a4f985f7607bbaeb5013bebac5ee13b5d89875
960,pmewhirterqn,e1a4f985f7607bbaeb5013bebac5ee13b5d89875
961,dlambrookqo,e1a4f985f7607bbaeb5013bebac5ee13b5d89875
962,blochrieqp,e1a4f985f7607bbaeb5013bebac5ee13b5d89875
963,tskirrowqq,e1a4f985f7607bbaeb5013bebac5ee13b5d89875
964,akieffqr,e1a4f985f7607bbaeb5013bebac5ee13b5d89875
965,atellingqs,e1a4f985f7607bbaeb5013bebac5ee13b5d89875
966,qfaggeqt,e1a4f985f7607bbaeb5013bebac5ee13b5d89875
967,tsyredqu,e1a4f985f7607bbaeb5013bebac5ee13b5d89875
968,atorregianiqv,e1a4f985f7607bbaeb5013bebac5ee13b5d89875
969,nflinnqw,e1a4f985f7607bbaeb5013bebac5ee13b5d89875
970,kbrownsellqx,e1a4f985f7607bbaeb5013bebac5ee13b5d89875
971,lguitelqy,e1a4f985f7607bbaeb5013bebac5ee13b5d89875
972,rkubikqz,e1a4f985f7607bbaeb5013bebac5ee13b5d89875
973,gluceyr0,e1a4f985f7607bbaeb5013bebac5ee13b5d89875
974,fshipseyr1,e1a4f985f7607bbaeb5013bebac5ee13b5d89875
975,fferreirar2,e1a4f985f7607bbaeb5013bebac5ee13b5d89875
976,jpinnigarr3,e1a4f985f7607bbaeb5013bebac5ee13b5d89875
977,hwaterworthr4,e1a4f985f7607bbaeb5013bebac5ee13b5d89875
978,gwincottr5,e1a4f985f7607bbaeb5013bebac5ee13b5d89875
979,arawsthorner6,e1a4f985f7607bbaeb5013bebac5ee13b5d89875
980,mgoeringr7,e1a4f985f7607bbaeb5013bebac5ee13b5d89875
981,eaustr8,e1a4f985f7607bbaeb5013bebac5ee13b5d89875
982,wgreatbachr9,e1a4f985f7607bbaeb5013bebac5ee13b5d89875
983,njaukovicra,e1a4f985f7607bbaeb5013bebac5ee13b5d89875
984,dmulvennarb,e1a4f985f7607bbaeb5013bebac5ee13b5d89875
985,kmullinsrc,e1a4f985f7607bbaeb5013bebac5ee13b5d89875
986,ohopkynsrd,e1a4f985f7607bbaeb5013bebac5ee13b5d89875
987,jtinnre,e1a4f985f7607bbaeb5013bebac5ee13b5d89875
988,blormanrf,e1a4f985f7607bbaeb5013bebac5ee13b5d89875
989,acanarg,e1a4f985f7607bbaeb5013bebac5ee13b5d89875
990,rcrushamrh,e1a4f985f7607bbaeb5013bebac5ee13b5d89875
991,bbickmoreri,e1a4f985f7607bbaeb5013bebac5ee13b5d89875
992,mlisimorerj,e1a4f985f7607bbaeb5013bebac5ee13b5d89875
993,jluchellirk,e1a4f985f7607bbaeb5013bebac5ee13b5d89875
994,ascholtisrl,e1a4f985f7607bbaeb5013bebac5ee13b5d89875
995,epetersenrm,e1a4f985f7607bbaeb5013bebac5ee13b5d89875
996,saverayrn,e1a4f985f7607bbaeb5013bebac5ee13b5d89875
997,wlefrankro,e1a4f985f7607bbaeb5013bebac5ee13b5d89875
998,icoderp,e1a4f985f7607bbaeb5013bebac5ee13b5d89875
999,rlowisrq,e1a4f985f7607bbaeb5013bebac5ee13b5d89875
1000,zgabitisrr,e1a4f985f7607bbaeb5013bebac5ee13b5d89875